rank,player,age,team,position,games,games_started,minutes_per_game,fg_made,fg_attempts,fg_pct,three_p_made,three_p_attempts,three_p_pct,two_p_made,two_p_attempts,two_p_pct,efg_pct,ft_made,ft_attempts,ft_pct,off_rebounds,def_rebounds,total_rebounds,assists,steals,blocks,turnovers,personal_fouls,points_per_game,player_id
1,Shai Gilgeous-Alexander,26,OKC,PG,76,76,34.2,11.3,21.8,0.519,2.1,5.7,0.375,9.2,16.1,0.571,0.569,7.9,8.8,0.898,0.9,4.1,5.0,6.4,1.7,1.0,2.4,2.2,32.7,gilgesh01
2,Giannis Antetokounmpo,30,MIL,PF,67,67,34.2,11.8,19.7,0.601,0.2,0.9,0.222,11.6,18.7,0.62,0.607,6.5,10.6,0.617,2.2,9.7,11.9,6.5,0.9,1.2,3.1,2.3,30.4,antetgi01
3,Nikola Jokic,29,DEN,C,70,70,36.7,11.2,19.5,0.576,2.0,4.7,0.417,9.3,14.8,0.627,0.627,5.2,6.4,0.8,2.9,9.9,12.7,10.2,1.8,0.6,3.3,2.3,29.6,jokicni01
4,Luka Doncic,25,2TM,PG,50,50,35.4,9.2,20.5,0.45,3.5,9.6,0.368,5.7,10.9,0.522,0.536,6.2,7.9,0.782,0.8,7.4,8.2,7.7,1.8,0.4,3.6,2.5,28.2,doncilu01
5,Anthony Edwards,23,MIN,SG,79,79,36.3,9.1,20.4,0.447,4.1,10.3,0.395,5.1,10.1,0.501,0.547,5.3,6.3,0.837,0.8,4.9,5.7,4.5,1.2,0.6,3.2,1.9,27.6,edwaran01
6,Jayson Tatum,26,BOS,PF,72,72,36.4,9.2,20.3,0.452,3.5,10.1,0.343,5.7,10.2,0.559,0.537,5.0,6.1,0.814,0.7,8.0,8.7,6.0,1.1,0.5,2.9,2.2,26.8,tatumja01
7,Kevin Durant,36,PHO,PF,62,62,36.5,9.5,18.1,0.527,2.6,6.0,0.43,7.0,12.1,0.574,0.598,4.9,5.8,0.839,0.4,5.7,6.0,4.2,0.8,1.2,3.1,1.7,26.6,duranke01
8,Tyrese Maxey,24,PHI,PG,52,52,37.7,9.2,21.0,0.437,3.1,9.2,0.337,6.1,11.8,0.515,0.511,4.9,5.6,0.879,0.3,3.1,3.3,6.1,1.8,0.4,2.4,2.2,26.3,maxeyty01
9,Cade Cunningham,23,DET,PG,70,70,35.0,9.8,20.8,0.469,2.1,6.0,0.356,7.6,14.8,0.515,0.521,4.5,5.3,0.846,0.8,5.3,6.1,9.1,1.0,0.8,4.4,2.8,26.1,cunnica01
10,Jalen Brunson,28,NYK,PG,65,65,35.4,9.0,18.5,0.488,2.3,6.1,0.383,6.7,12.4,0.539,0.551,5.7,6.9,0.821,0.4,2.5,2.9,7.3,0.9,0.1,2.5,2.1,26.0,brunsja01
11,Paolo Banchero,22,ORL,PF,46,46,34.4,9.0,19.8,0.452,1.9,5.9,0.32,7.1,13.9,0.509,0.5,6.1,8.4,0.727,1.1,6.4,7.5,4.8,0.8,0.6,3.0,2.1,25.9,banchpa01
12,Devin Booker,28,PHO,SG,75,75,37.3,8.7,18.9,0.461,2.4,7.3,0.332,6.3,11.6,0.542,0.525,5.8,6.4,0.894,1.0,3.1,4.1,7.1,0.9,0.2,2.9,2.6,25.6,bookede01
13,LaMelo Ball,23,CHO,PG,47,47,32.0,8.6,21.3,0.405,3.8,11.2,0.339,4.8,10.1,0.478,0.494,4.1,4.9,0.843,1.0,3.9,4.9,7.4,1.1,0.3,3.6,3.3,25.2,ballla01
14,Damian Lillard,34,MIL,PG,58,58,36.1,7.7,17.1,0.448,3.4,9.0,0.376,4.3,8.1,0.528,0.547,6.2,6.8,0.921,0.5,4.2,4.7,7.1,1.2,0.2,2.8,1.7,24.9,lillada01
15,Anthony Davis,31,2TM,C,51,51,33.5,9.2,17.8,0.516,0.7,2.4,0.282,8.5,15.4,0.553,0.536,5.6,7.2,0.775,2.6,8.9,11.6,3.5,1.2,2.2,2.2,1.9,24.7,davisan02
16,Kyrie Irving,32,DAL,SG,50,50,36.1,8.9,18.9,0.473,2.9,7.2,0.401,6.1,11.7,0.517,0.549,3.9,4.3,0.916,1.2,3.6,4.8,4.6,1.3,0.5,2.2,2.0,24.7,irvinky01
18,Stephen Curry,36,GSW,PG,70,70,32.2,8.1,18.0,0.448,4.4,11.2,0.397,3.6,6.8,0.534,0.572,4.0,4.3,0.933,0.6,3.9,4.4,6.0,1.1,0.4,2.9,1.4,24.5,curryst01
19,LeBron James,40,LAL,SF,70,70,34.9,9.3,18.1,0.513,2.1,5.7,0.376,7.2,12.5,0.574,0.571,3.7,4.7,0.782,1.0,6.8,7.8,8.2,1.0,0.6,3.7,1.4,24.4,jamesle01
20,Karl-Anthony Towns,29,NYK,C,72,72,35.0,8.9,16.9,0.526,2.0,4.7,0.42,6.9,12.2,0.567,0.584,4.7,5.7,0.829,2.9,9.8,12.8,3.1,1.0,0.7,2.7,3.5,24.4,townska01
21,Victor Wembanyama,21,SAS,C,46,46,33.2,8.9,18.6,0.476,3.1,8.8,0.352,5.8,9.9,0.586,0.559,3.4,4.1,0.836,1.8,9.2,11.0,3.7,1.1,3.8,3.2,2.3,24.3,wembavi01
22,Franz Wagner,23,ORL,SF,60,60,33.7,9.0,19.4,0.463,1.7,5.9,0.295,7.2,13.5,0.535,0.507,4.5,5.2,0.871,0.9,4.8,5.7,4.7,1.3,0.4,2.3,2.5,24.2,wagnefr01
23,Trae Young,26,ATL,PG,76,76,36.0,7.4,18.1,0.411,2.9,8.4,0.34,4.6,9.7,0.474,0.491,6.5,7.4,0.875,0.5,2.6,3.1,11.6,1.2,0.2,4.7,1.9,24.2,youngtr01
24,Donovan Mitchell,28,CLE,SG,71,71,31.4,8.2,18.6,0.443,3.3,8.9,0.368,5.0,9.7,0.512,0.531,4.2,5.1,0.823,0.8,3.7,4.5,5.0,1.3,0.2,2.1,2.0,24.0,mitchdo01
26,Tyler Herro,25,MIA,SG,77,77,35.4,8.5,17.9,0.472,3.3,8.7,0.375,5.2,9.2,0.565,0.563,3.7,4.2,0.878,0.5,4.7,5.2,5.5,0.9,0.2,2.6,1.1,23.9,herroty01
28,De'Aaron Fox,27,2TM,PG,62,62,36.1,8.7,18.8,0.463,1.9,6.1,0.31,6.8,12.6,0.538,0.514,4.2,5.1,0.827,0.9,3.9,4.8,6.3,1.5,0.4,2.8,2.6,23.5,foxde01
29,Zach LaVine,29,2TM,SG,74,74,35.2,8.4,16.5,0.511,3.2,7.2,0.446,5.2,9.3,0.562,0.609,3.2,3.9,0.825,0.3,4.0,4.3,4.2,0.8,0.2,2.8,1.6,23.3,lavinza01
30,Ja Morant,25,MEM,PG,50,50,30.4,8.1,17.8,0.454,1.8,5.7,0.309,6.3,12.1,0.523,0.504,5.3,6.4,0.824,0.7,3.4,4.1,7.3,1.2,0.2,3.7,2.3,23.2,moranja01
31,James Harden,35,LAC,PG,79,79,35.3,6.7,16.4,0.41,3.0,8.5,0.352,3.7,7.9,0.472,0.501,6.4,7.3,0.874,0.7,5.1,5.8,8.7,1.5,0.7,4.3,2.1,22.8,hardeja01
32,Jaylen Brown,28,BOS,SF,63,63,34.3,8.2,17.7,0.463,1.8,5.7,0.324,6.4,12.1,0.529,0.515,3.9,5.1,0.764,1.3,4.5,5.8,4.5,1.2,0.3,2.6,2.4,22.2,brownja02
33,DeMar DeRozan,35,SAC,SF,77,77,35.9,8.1,17.0,0.477,1.1,3.3,0.328,7.0,13.7,0.513,0.509,4.9,5.7,0.857,0.6,3.2,3.9,4.4,0.8,0.4,1.4,1.9,22.2,derozde01
35,Jaren Jackson Jr.,25,MEM,C,74,74,29.8,8.0,16.4,0.488,2.0,5.3,0.375,6.0,11.1,0.541,0.548,4.2,5.4,0.781,1.2,4.4,5.6,2.0,1.2,1.5,2.1,3.5,22.2,jacksja02
36,Norman Powell,31,LAC,SG,60,60,32.6,7.6,15.8,0.484,3.0,7.1,0.418,4.6,8.6,0.538,0.578,3.6,4.4,0.804,0.4,2.8,3.2,2.1,1.2,0.2,1.8,1.9,21.8,powelno01
37,Jalen Williams,23,OKC,SG,69,69,32.4,8.2,16.9,0.484,1.8,4.9,0.365,6.4,12.0,0.533,0.537,3.4,4.3,0.789,0.9,4.5,5.3,5.1,1.6,0.7,2.2,2.3,21.6,willija06
39,Jamal Murray,27,DEN,PG,67,67,36.1,7.9,16.7,0.474,2.3,5.9,0.393,5.6,10.8,0.518,0.543,3.3,3.7,0.886,0.7,3.2,3.9,6.0,1.4,0.5,2.1,1.9,21.4,murraja01
40,Trey Murphy III,24,NOP,SF,53,51,35.0,7.2,15.8,0.454,3.0,8.3,0.361,4.2,7.6,0.556,0.548,3.8,4.3,0.887,0.9,4.2,5.1,3.5,1.1,0.7,1.9,2.1,21.2,murphtr02
41,RJ Barrett,24,TOR,SF,58,58,32.2,7.9,16.9,0.468,1.8,5.3,0.35,6.1,11.7,0.522,0.523,3.4,5.4,0.63,1.1,5.3,6.3,5.4,0.8,0.3,2.8,2.4,21.1,barrerj01
42,CJ McCollum,33,NOP,PG,56,56,32.7,7.9,17.9,0.444,3.1,8.2,0.373,4.9,9.7,0.505,0.53,2.2,3.1,0.717,0.8,3.0,3.8,4.1,0.8,0.4,1.9,2.2,21.1,mccolcj01
43,Jalen Green,22,HOU,SG,82,82,32.9,7.4,17.5,0.423,2.9,8.1,0.354,4.6,9.5,0.482,0.505,3.3,4.1,0.813,0.5,4.0,4.6,3.4,0.9,0.3,2.5,1.5,21.0,greenja05
45,Darius Garland,25,CLE,PG,75,75,30.7,7.4,15.7,0.472,2.8,7.1,0.401,4.6,8.6,0.53,0.562,3.0,3.4,0.878,0.6,2.2,2.9,6.7,1.2,0.1,2.5,1.9,20.6,garlada01
46,Jordan Poole,25,WAS,SG,68,68,29.4,6.7,15.5,0.432,3.5,9.1,0.378,3.3,6.4,0.51,0.544,3.6,4.0,0.883,0.5,2.5,3.0,4.5,1.3,0.4,3.0,3.0,20.5,poolejo01
47,Coby White,24,CHI,SG,74,73,33.1,6.9,15.1,0.453,2.9,7.9,0.37,3.9,7.3,0.544,0.55,3.7,4.1,0.902,0.3,3.4,3.7,4.5,0.9,0.2,2.4,2.1,20.4,whiteco01
48,Miles Bridges,26,CHO,PF,64,64,31.7,7.3,17.0,0.431,2.2,7.0,0.313,5.1,10.0,0.513,0.495,3.5,4.0,0.87,1.1,6.4,7.5,3.9,0.7,0.7,2.1,1.5,20.3,bridgmi02
49,Austin Reaves,26,LAL,SG,73,73,34.9,6.5,14.2,0.46,2.7,7.3,0.377,3.8,6.9,0.547,0.556,4.4,5.0,0.877,0.8,3.7,4.5,5.8,1.1,0.3,2.4,2.1,20.2,reaveau01
50,Pascal Siakam,30,IND,PF,78,78,32.7,7.9,15.2,0.519,1.6,4.2,0.389,6.2,11.0,0.568,0.572,2.9,3.9,0.734,1.7,5.2,6.9,3.4,0.9,0.5,1.4,2.4,20.2,siakapa01
51,Kristaps Porzingis,29,BOS,C,42,42,28.8,6.6,13.7,0.483,2.5,6.0,0.412,4.1,7.7,0.537,0.572,3.8,4.7,0.809,1.6,5.1,6.8,2.1,0.7,1.5,1.3,2.8,19.5,porzikr01
52,Scottie Barnes,23,TOR,PF,65,65,32.8,7.3,16.4,0.446,1.2,4.3,0.271,6.1,12.0,0.508,0.482,3.5,4.6,0.755,1.7,6.0,7.7,5.8,1.4,1.0,2.8,1.7,19.3,barnesc01
53,Anfernee Simons,25,POR,SG,70,70,32.7,6.8,16.1,0.426,3.1,8.5,0.363,3.8,7.6,0.496,0.521,2.5,2.8,0.902,0.4,2.3,2.7,4.8,0.9,0.1,2.0,1.7,19.3,simonan01
54,Desmond Bane,26,MEM,SG,69,68,32.0,7.1,14.8,0.484,2.4,6.1,0.392,4.8,8.7,0.548,0.565,2.6,2.9,0.894,0.9,5.2,6.1,5.3,1.2,0.4,2.4,2.4,19.2,banede01
55,Domantas Sabonis,28,SAC,C,70,70,34.7,7.5,12.8,0.59,0.9,2.2,0.417,6.6,10.5,0.627,0.627,3.1,4.1,0.754,3.8,10.1,13.9,6.0,0.7,0.4,2.9,3.3,19.1,sabondo01
56,Alperen Sengun,22,HOU,C,76,76,31.5,7.5,15.0,0.496,0.3,1.2,0.233,7.2,13.9,0.519,0.505,3.9,5.6,0.692,3.4,6.9,10.3,4.9,1.1,0.8,2.6,2.8,19.1,sengual01
58,Lauri Markkanen,27,UTA,PF,47,47,31.4,6.3,14.9,0.423,2.9,8.5,0.346,3.4,6.4,0.525,0.521,3.4,3.9,0.876,1.5,4.4,5.9,1.5,0.7,0.4,1.4,1.7,19.0,markkla01
60,Cameron Johnson,28,BRK,PF,57,57,31.6,6.2,13.1,0.475,2.8,7.2,0.39,3.4,5.9,0.578,0.582,3.5,3.9,0.893,0.9,3.4,4.3,3.4,0.9,0.4,1.7,1.8,18.8,johnsca02
61,Julius Randle,30,MIN,PF,69,69,32.3,6.6,13.6,0.485,1.6,4.6,0.344,5.0,9.1,0.555,0.542,3.9,4.9,0.806,2.1,5.0,7.1,4.7,0.7,0.2,2.8,2.5,18.7,randlju01
62,Tyrese Haliburton,24,IND,PG,73,73,33.6,6.5,13.8,0.473,3.0,7.7,0.388,3.5,6.1,0.581,0.582,2.6,3.0,0.851,0.6,3.0,3.5,9.2,1.4,0.7,1.6,1.3,18.6,halibty01
63,Evan Mobley,23,CLE,PF,71,71,30.5,7.1,12.8,0.557,1.2,3.2,0.37,5.9,9.5,0.621,0.604,3.1,4.3,0.725,2.3,7.0,9.3,3.2,0.9,1.6,2.0,2.0,18.5,mobleev01
64,Shaedon Sharpe,21,POR,SG,72,52,31.3,6.9,15.3,0.452,2.0,6.6,0.311,4.9,8.8,0.557,0.519,2.6,3.4,0.785,0.9,3.6,4.5,2.8,0.9,0.2,2.1,1.7,18.5,sharpsh01
65,Nikola Vucevic,34,CHI,C,73,72,31.2,7.5,14.2,0.53,1.8,4.4,0.402,5.8,9.8,0.587,0.592,1.6,2.0,0.805,2.4,7.6,10.1,3.5,0.8,0.7,1.6,2.2,18.5,vucevni01
66,Collin Sexton,26,UTA,SG,63,61,27.9,6.6,13.8,0.48,1.7,4.3,0.406,4.9,9.5,0.513,0.543,3.4,4.0,0.865,1.0,1.8,2.7,4.2,0.7,0.1,2.5,2.3,18.4,sextoco01
67,Michael Porter Jr.,26,DEN,SF,77,77,33.7,6.9,13.6,0.504,2.5,6.4,0.395,4.4,7.3,0.599,0.596,1.9,2.5,0.768,1.8,5.2,7.0,2.1,0.6,0.5,1.4,2.0,18.2,portemi01
68,Bam Adebayo,27,MIA,C,78,78,34.3,6.9,14.3,0.485,1.0,2.8,0.357,5.9,11.4,0.517,0.521,3.2,4.2,0.765,2.4,7.2,9.6,4.3,1.3,0.7,2.1,2.1,18.1,adebaba01
69,Andrew Wiggins,29,2TM,SF,60,60,30.7,6.3,14.0,0.448,2.2,5.8,0.374,4.1,8.2,0.501,0.526,3.3,4.3,0.763,1.5,3.0,4.5,2.6,1.0,0.8,1.7,1.7,18.0,wiggian01
70,OG Anunoby,27,NYK,PF,74,74,36.6,6.6,13.9,0.476,2.3,6.2,0.372,4.3,7.7,0.561,0.559,2.5,3.1,0.81,1.3,3.5,4.8,2.2,1.5,0.9,1.4,2.3,18.0,anunoog01
71,Mikal Bridges,28,NYK,SF,82,82,37.0,7.2,14.4,0.5,2.0,5.6,0.354,5.2,8.8,0.594,0.57,1.2,1.4,0.814,0.9,2.3,3.2,3.7,0.9,0.5,1.6,1.5,17.6,bridgmi01
73,Jimmy Butler,35,2TM,SF,55,55,31.7,5.5,10.9,0.504,0.6,1.9,0.308,4.9,9.0,0.546,0.531,6.0,7.1,0.842,2.3,3.1,5.4,5.4,1.4,0.3,1.3,0.9,17.5,butleji01
75,Malik Monk,26,SAC,SG,65,45,31.6,6.3,14.4,0.439,2.1,6.6,0.325,4.2,7.9,0.534,0.513,2.4,2.7,0.865,0.5,3.3,3.8,5.6,0.9,0.6,2.4,2.4,17.2,monkma01
77,De'Andre Hunter,27,2TM,SF,64,9,27.2,5.6,11.9,0.47,2.5,6.1,0.405,3.1,5.8,0.537,0.573,3.4,4.0,0.846,0.7,3.3,4.0,1.4,0.8,0.2,1.3,2.4,17.0,huntede01
78,Bradley Beal,31,PHO,SG,53,38,32.1,6.5,13.1,0.497,1.9,5.0,0.386,4.6,8.1,0.565,0.571,2.1,2.6,0.803,0.6,2.7,3.3,3.7,1.1,0.5,1.9,2.6,17.0,bealbr01
79,Deni Avdija,24,POR,SF,72,54,30.0,5.6,11.7,0.476,1.7,4.8,0.365,3.8,7.0,0.552,0.55,4.0,5.2,0.78,1.5,5.7,7.3,3.9,1.0,0.5,2.7,2.4,16.9,avdijde01
80,Keyonte George,21,UTA,PG,67,35,31.5,5.4,13.7,0.391,2.6,7.6,0.343,2.8,6.1,0.449,0.485,3.5,4.3,0.818,0.4,3.4,3.8,5.6,0.7,0.1,2.7,1.7,16.8,georgke01
81,Ivica Zubac,27,LAC,C,80,80,32.8,7.4,11.8,0.628,0.0,0.0,,7.4,11.8,0.628,0.628,2.0,3.0,0.661,3.8,8.9,12.6,2.7,0.7,1.1,1.6,2.1,16.8,zubaciv01
82,Derrick White,30,BOS,SG,76,76,33.9,5.6,12.6,0.442,3.5,9.1,0.384,2.1,3.5,0.593,0.58,1.8,2.1,0.839,0.9,3.6,4.5,4.8,0.9,1.1,1.7,1.8,16.4,whitede01
83,Malik Beasley,28,DET,SG,82,18,27.8,5.6,13.1,0.43,3.9,9.3,0.416,1.7,3.7,0.466,0.579,1.2,1.7,0.679,0.6,2.0,2.6,1.7,0.9,0.1,1.0,1.5,16.3,beaslma01
84,Devin Vassell,24,SAS,SG,64,53,31.0,6.2,13.9,0.443,2.5,6.7,0.368,3.7,7.2,0.513,0.532,1.5,1.9,0.792,0.5,3.5,4.0,2.9,1.3,0.5,1.4,1.7,16.3,vassede01
86,Paul George,34,PHI,PF,41,41,32.5,6.0,13.9,0.43,2.3,6.5,0.358,3.6,7.4,0.493,0.514,1.9,2.4,0.814,0.6,4.8,5.3,4.3,1.8,0.5,2.6,2.5,16.2,georgpa01
88,Bennedict Mathurin,22,IND,SF,72,49,29.8,5.4,11.8,0.458,1.4,4.0,0.34,4.1,7.8,0.519,0.516,3.8,4.6,0.831,1.2,4.1,5.3,1.9,0.7,0.3,1.9,2.3,16.1,mathube01
89,Myles Turner,28,IND,C,72,72,30.2,5.4,11.3,0.481,2.2,5.5,0.396,3.3,5.8,0.561,0.577,2.6,3.3,0.773,1.3,5.3,6.5,1.5,0.8,2.0,1.7,2.5,15.6,turnemy01
90,Christian Braun,23,DEN,SG,79,77,33.9,6.0,10.4,0.58,1.1,2.8,0.397,4.9,7.6,0.648,0.634,2.2,2.7,0.827,1.2,3.9,5.2,2.6,1.1,0.5,1.0,2.2,15.4,braunch01
91,Jonathan Kuminga,22,GSW,PF,47,10,24.3,5.5,12.1,0.454,1.0,3.2,0.305,4.5,8.9,0.508,0.495,3.3,5.0,0.668,1.2,3.4,4.6,2.2,0.8,0.4,1.5,1.9,15.3,kuminjo01
93,Mark Williams,23,CHO,C,44,41,26.6,6.1,10.2,0.604,0.0,0.1,0.0,6.1,10.1,0.609,0.604,3.0,3.7,0.804,3.0,7.2,10.2,2.5,0.7,1.2,1.6,2.4,15.3,willima07
94,Kelly Oubre Jr.,29,PHI,SF,60,57,34.6,5.8,12.4,0.47,1.2,4.0,0.293,4.6,8.3,0.555,0.518,2.3,3.1,0.751,1.6,4.5,6.1,1.8,1.5,0.5,1.3,3.0,15.1,oubreke01
96,Kyle Kuzma,29,2TM,PF,65,62,29.8,5.7,13.0,0.436,1.5,4.8,0.307,4.2,8.2,0.512,0.493,2.0,3.1,0.634,0.8,4.9,5.7,2.3,0.6,0.3,2.2,1.8,14.8,kuzmaky01
97,Stephon Castle,20,SAS,PG,81,47,26.7,5.2,12.2,0.428,1.2,4.1,0.285,4.0,8.1,0.501,0.476,3.1,4.2,0.724,1.1,2.6,3.7,4.1,0.9,0.3,2.2,2.0,14.7,castlst01
98,Aaron Gordon,29,DEN,PF,51,42,28.4,5.2,9.7,0.531,1.5,3.4,0.436,3.7,6.4,0.582,0.607,2.8,3.5,0.81,1.6,3.3,4.8,3.2,0.5,0.3,1.4,1.6,14.7,gordoaa01
99,P.J. Washington,26,DAL,PF,57,56,32.2,5.3,11.7,0.453,1.6,4.2,0.381,3.7,7.5,0.493,0.521,2.5,3.5,0.722,1.4,6.3,7.8,2.3,1.1,1.1,2.1,2.3,14.7,washipj01
100,Quentin Grimes,24,2TM,SG,75,37,26.8,5.1,11.0,0.467,2.2,5.6,0.385,3.0,5.4,0.552,0.565,2.2,2.9,0.757,0.8,3.5,4.3,3.0,1.0,0.3,1.9,1.8,14.6,grimequ01
101,Josh Giddey,22,CHI,PG,70,69,30.2,5.3,11.4,0.465,1.5,4.0,0.378,3.8,7.4,0.512,0.531,2.5,3.2,0.781,1.8,6.3,8.1,7.2,1.2,0.6,2.9,1.7,14.6,giddejo01
102,Jakob Poeltl,29,TOR,C,57,56,29.6,6.4,10.2,0.627,0.0,0.1,0.333,6.4,10.1,0.628,0.628,1.7,2.5,0.674,3.3,6.3,9.6,2.8,1.2,1.2,1.9,3.1,14.5,poeltja01
104,Gradey Dick,21,TOR,SG,54,54,29.4,4.9,12.0,0.41,2.1,6.0,0.35,2.8,5.9,0.47,0.498,2.5,2.9,0.858,0.8,2.8,3.6,1.8,0.9,0.2,1.5,2.2,14.4,dickgr01
105,Jerami Grant,30,POR,PF,47,47,32.4,4.6,12.2,0.373,2.3,6.3,0.365,2.3,5.9,0.381,0.467,3.0,3.5,0.849,0.6,2.9,3.5,2.1,0.9,1.0,1.4,2.3,14.4,grantje01
106,Payton Pritchard,27,BOS,PG,80,3,28.4,5.1,10.8,0.472,3.2,7.8,0.407,1.9,3.0,0.642,0.62,0.9,1.1,0.845,1.3,2.6,3.8,3.5,0.9,0.2,1.0,1.5,14.3,pritcpa01
107,Naz Reid,25,MIN,C,80,17,27.5,5.3,11.5,0.462,2.2,5.8,0.379,3.1,5.8,0.544,0.556,1.4,1.8,0.776,1.2,4.9,6.0,2.3,0.7,0.9,1.4,2.4,14.2,reidna01
108,Dyson Daniels,21,ATL,SG,76,76,33.8,6.0,12.1,0.493,1.1,3.1,0.34,4.9,9.1,0.545,0.536,1.1,1.8,0.593,1.6,4.3,5.9,4.4,3.0,0.7,2.0,2.3,14.1,daniedy01
110,Amen Thompson,22,HOU,SF,69,42,32.2,5.6,10.1,0.557,0.4,1.3,0.275,5.3,8.8,0.599,0.575,2.4,3.6,0.684,2.8,5.4,8.2,3.8,1.4,1.3,2.0,2.4,14.1,thompam01
111,Fred VanVleet,30,HOU,PG,60,60,35.2,4.8,12.7,0.378,2.7,7.7,0.345,2.1,5.0,0.43,0.483,1.9,2.3,0.81,0.5,3.2,3.7,5.6,1.6,0.4,1.5,2.3,14.1,vanvlfr01
112,Dillon Brooks,29,HOU,SF,75,75,31.8,5.1,11.9,0.429,2.5,6.3,0.397,2.6,5.7,0.465,0.533,1.3,1.6,0.818,1.0,2.7,3.7,1.7,0.8,0.2,1.0,3.2,14.0,brookdi01
114,Klay Thompson,34,DAL,SF,72,72,27.3,5.0,12.2,0.412,3.0,7.7,0.391,2.0,4.5,0.448,0.535,0.9,1.0,0.905,0.6,2.8,3.4,2.0,0.7,0.4,1.2,1.1,14.0,thompkl01
115,Bobby Portis,29,MIL,PF,49,7,25.4,5.7,12.1,0.466,1.3,3.6,0.365,4.3,8.5,0.508,0.52,1.2,1.5,0.836,1.8,6.6,8.4,2.1,0.7,0.5,1.2,1.9,13.9,portibo01
116,Tobias Harris,32,DET,PF,73,73,31.6,5.3,11.0,0.477,1.2,3.6,0.345,4.0,7.4,0.542,0.534,2.0,2.3,0.861,0.9,5.0,5.9,2.2,1.0,0.8,1.2,1.9,13.7,harrito02
117,Josh Hart,29,NYK,SG,77,77,37.6,5.2,10.0,0.525,1.1,3.3,0.333,4.2,6.7,0.618,0.579,2.1,2.7,0.776,2.1,7.5,9.6,5.9,1.5,0.4,2.1,2.6,13.6,hartjo01
118,Jarrett Allen,26,CLE,C,82,82,28.0,5.5,7.8,0.706,0.0,0.1,0.0,5.5,7.7,0.712,0.706,2.4,3.4,0.718,2.6,7.1,9.7,1.9,0.9,0.9,1.2,1.5,13.5,allenja01
119,Onyeka Okongwu,24,ATL,C,74,40,27.9,5.2,9.2,0.567,0.6,2.0,0.324,4.6,7.2,0.634,0.602,2.2,2.9,0.759,3.0,5.9,8.9,2.3,0.9,0.9,1.2,2.6,13.4,okongon01
120,Russell Westbrook,36,DEN,PG,75,36,27.9,5.0,11.1,0.449,1.3,3.9,0.323,3.7,7.2,0.517,0.505,2.1,3.1,0.661,1.4,3.6,4.9,6.1,1.4,0.5,3.2,2.5,13.3,westbru01
121,Naji Marshall,27,DAL,SF,69,31,27.8,5.2,10.3,0.508,0.9,3.2,0.275,4.4,7.2,0.611,0.551,1.9,2.3,0.813,1.1,3.7,4.8,3.0,1.0,0.2,1.6,1.6,13.2,marshna01
122,Dennis Schroder,31,3TM,PG,75,49,28.1,4.5,11.0,0.406,1.7,4.9,0.342,2.8,6.1,0.458,0.483,2.4,2.9,0.838,0.4,2.3,2.6,5.4,0.9,0.2,1.9,2.4,13.1,schrode01
123,Rui Hachimura,26,LAL,PF,59,57,31.7,5.0,9.8,0.509,1.7,4.2,0.413,3.2,5.6,0.581,0.597,1.5,1.9,0.77,1.3,3.7,5.0,1.4,0.8,0.4,0.8,1.8,13.1,hachiru01
124,Brook Lopez,36,MIL,C,80,80,31.8,4.9,9.7,0.509,1.7,4.7,0.373,3.2,5.0,0.636,0.599,1.4,1.7,0.826,1.4,3.6,5.0,1.8,0.6,1.9,1.1,2.1,13.0,lopezbr01
125,Alex Sarr,19,WAS,C,67,67,27.1,4.9,12.4,0.394,1.6,5.1,0.308,3.3,7.3,0.454,0.457,1.7,2.5,0.679,1.9,4.6,6.5,2.4,0.7,1.5,1.7,2.2,13.0,sarral01
128,Scoot Henderson,20,POR,PG,66,10,26.7,4.3,10.4,0.419,1.6,4.5,0.354,2.8,5.9,0.469,0.496,2.4,3.1,0.767,0.8,2.2,3.0,5.1,1.0,0.2,2.7,2.7,12.7,hendesc01
129,Keldon Johnson,25,SAS,SF,77,0,23.9,4.8,10.0,0.482,1.1,3.6,0.318,3.7,6.4,0.573,0.538,1.9,2.5,0.773,1.5,3.4,4.8,1.6,0.6,0.3,1.0,1.5,12.7,johnske04
130,D'Angelo Russell,28,2TM,PG,58,36,25.5,4.3,11.0,0.39,1.9,6.2,0.314,2.3,4.8,0.489,0.479,2.1,2.5,0.834,0.3,2.4,2.8,5.1,1.0,0.4,1.9,2.0,12.6,russeda01
131,Zaccharie Risacher,19,ATL,SF,75,73,24.6,4.8,10.4,0.458,1.6,4.6,0.355,3.1,5.8,0.54,0.537,1.4,2.0,0.711,1.1,2.4,3.6,1.2,0.7,0.5,1.2,2.0,12.6,risacza01
132,Santi Aldama,24,MEM,PF,65,16,25.5,4.8,10.0,0.483,1.8,5.0,0.368,3.0,5.0,0.599,0.576,1.0,1.4,0.691,1.4,5.0,6.4,2.9,0.8,0.4,1.1,1.2,12.5,aldamsa01
133,Ty Jerome,27,CLE,SG,70,3,19.9,4.6,8.8,0.516,1.6,3.6,0.439,3.0,5.2,0.57,0.606,1.8,2.1,0.872,0.7,1.8,2.5,3.4,1.1,0.0,1.3,1.5,12.5,jeromty01
134,Keegan Murray,24,SAC,PF,76,76,34.3,4.8,10.8,0.444,2.0,5.9,0.343,2.8,4.9,0.566,0.538,0.8,0.9,0.833,1.9,4.8,6.7,1.4,0.8,0.9,0.8,2.4,12.4,murrake02
136,Harrison Barnes,32,SAS,PF,82,82,27.2,4.2,8.3,0.508,1.9,4.4,0.433,2.3,3.9,0.591,0.622,2.0,2.4,0.809,1.2,2.6,3.8,1.7,0.5,0.2,0.6,0.9,12.3,barneha02
137,Bilal Coulibaly,20,WAS,SF,59,59,33.0,4.5,10.6,0.421,1.1,3.8,0.281,3.4,6.8,0.5,0.472,2.3,3.1,0.746,1.5,3.4,5.0,3.4,1.3,0.7,2.1,2.4,12.3,coulibi01
138,Ayo Dosunmu,25,CHI,SG,46,26,30.3,4.8,9.8,0.492,1.3,4.1,0.328,3.5,5.7,0.612,0.561,1.3,1.7,0.785,0.6,2.9,3.5,4.5,0.9,0.4,1.5,2.3,12.3,dosunay01
139,Daniel Gafford,26,DAL,C,57,31,21.5,5.0,7.1,0.702,0.0,0.0,,5.0,7.1,0.702,0.702,2.4,3.4,0.689,2.7,4.1,6.8,1.4,0.4,1.8,1.2,2.7,12.3,gaffoda01
140,Jaden McDaniels,24,MIN,PF,82,82,31.9,4.9,10.2,0.477,1.2,3.7,0.33,3.6,6.5,0.561,0.537,1.3,1.6,0.813,1.6,4.2,5.7,2.0,1.3,0.9,1.2,2.7,12.2,mcdanja02
141,Jabari Smith Jr.,21,HOU,PF,57,39,30.1,4.4,9.9,0.438,1.7,4.9,0.354,2.6,5.1,0.519,0.525,1.8,2.2,0.825,1.8,5.2,7.0,1.1,0.4,0.7,1.1,2.2,12.2,smithja05
142,Caris LeVert,30,2TM,SG,64,3,24.9,4.4,9.4,0.467,1.7,4.4,0.373,2.7,4.9,0.552,0.556,1.7,2.4,0.71,0.6,2.5,3.2,3.4,0.9,0.5,1.2,1.5,12.1,leverca01
144,Tari Eason,23,HOU,PF,57,16,24.9,4.8,9.8,0.487,1.1,3.2,0.342,3.7,6.6,0.557,0.543,1.4,1.8,0.76,2.2,4.1,6.4,1.5,1.7,0.9,1.1,2.4,12.0,easonta01
145,Rudy Gobert,32,MIN,C,72,72,33.2,4.7,7.1,0.669,0.0,0.0,,4.7,7.1,0.669,0.669,2.6,3.8,0.674,3.7,7.2,10.9,1.8,0.8,1.4,1.2,2.5,12.0,goberru01
146,Aaron Nesmith,25,IND,SF,45,37,25.0,4.3,8.4,0.507,1.9,4.3,0.431,2.4,4.1,0.587,0.617,1.6,1.8,0.913,0.8,3.1,4.0,1.2,0.8,0.4,0.8,2.5,12.0,nesmiaa01
147,Aaron Wiggins,26,OKC,SG,76,26,22.9,4.7,9.6,0.488,1.7,4.5,0.383,3.0,5.1,0.578,0.577,1.0,1.2,0.831,1.1,2.8,3.9,1.8,0.8,0.2,0.9,1.3,12.0,wiggiaa01
149,Jalen Duren,21,DET,C,78,78,26.1,4.8,7.0,0.692,0.0,0.0,,4.8,7.0,0.692,0.692,2.1,3.1,0.669,3.6,6.8,10.3,2.7,0.7,1.1,1.7,3.2,11.8,durenja01
150,Donte DiVincenzo,28,MIN,SG,62,10,25.9,4.0,9.6,0.422,2.8,7.1,0.397,1.2,2.5,0.49,0.568,0.8,1.0,0.778,0.5,3.2,3.7,3.6,1.2,0.3,1.6,1.8,11.7,divindo01
151,Brandin Podziemski,21,GSW,SG,64,33,26.8,4.4,9.8,0.445,1.8,4.8,0.372,2.6,5.0,0.516,0.537,1.1,1.5,0.758,1.0,4.1,5.1,3.4,1.1,0.2,1.2,1.5,11.7,podzibr01
152,Corey Kispert,25,WAS,SF,61,0,26.3,4.2,9.3,0.451,2.0,5.4,0.364,2.2,3.9,0.574,0.558,1.2,1.4,0.852,0.6,2.4,3.0,1.7,0.4,0.2,1.0,1.6,11.6,kispeco01
153,Jeremy Sochan,21,SAS,PF,54,23,25.3,4.6,8.7,0.535,0.5,1.7,0.308,4.1,7.0,0.59,0.565,1.6,2.3,0.696,2.4,4.2,6.5,2.4,0.8,0.5,1.6,2.4,11.4,sochaje01
154,Toumani Camara,24,POR,PF,78,78,32.7,4.2,9.2,0.458,1.7,4.6,0.375,2.5,4.6,0.542,0.552,1.2,1.6,0.722,2.2,3.6,5.8,2.2,1.5,0.6,1.4,2.9,11.3,camarto01
155,Isaiah Hartenstein,26,OKC,C,57,53,27.9,4.9,8.4,0.581,0.0,0.3,0.0,4.9,8.1,0.605,0.581,1.4,2.1,0.675,2.9,7.9,10.7,3.8,0.8,1.1,1.7,3.0,11.2,harteis01
156,Buddy Hield,32,GSW,SG,82,22,22.7,4.0,9.6,0.417,2.5,6.7,0.37,1.5,2.9,0.527,0.546,0.6,0.8,0.828,0.6,2.6,3.2,1.6,0.8,0.3,1.1,1.6,11.1,hieldbu01
157,Jrue Holiday,34,BOS,PG,62,62,30.6,4.1,9.2,0.443,1.7,4.9,0.353,2.4,4.3,0.547,0.538,1.1,1.2,0.909,1.2,3.0,4.3,3.9,1.1,0.4,1.2,1.6,11.1,holidjr01
158,Walker Kessler,23,UTA,C,58,58,30.0,4.8,7.2,0.663,0.1,0.6,0.176,4.7,6.6,0.706,0.671,1.4,2.6,0.52,4.6,7.6,12.2,1.7,0.6,2.4,1.5,2.2,11.1,kesslwa01
159,Gary Trent Jr.,26,MIL,SG,74,9,25.6,3.8,8.9,0.431,2.4,5.9,0.416,1.4,3.0,0.46,0.568,1.1,1.2,0.848,0.3,2.0,2.3,1.2,1.0,0.1,0.6,1.7,11.1,trentga02
160,Spencer Dinwiddie,31,DAL,PG,79,30,27.0,3.6,8.6,0.416,1.4,4.1,0.334,2.2,4.5,0.492,0.496,2.5,3.1,0.802,0.2,2.4,2.6,4.4,0.9,0.2,1.3,1.5,11.0,dinwisp01
161,Tim Hardaway Jr.,32,DET,SG,77,77,28.0,3.6,8.8,0.406,2.2,5.9,0.368,1.4,2.9,0.484,0.529,1.6,1.9,0.855,0.2,2.1,2.4,1.6,0.5,0.1,0.6,1.2,11.0,hardati02
162,Duncan Robinson,30,MIA,SF,74,37,24.1,3.9,9.0,0.437,2.6,6.5,0.393,1.4,2.4,0.556,0.581,0.6,0.7,0.887,0.2,2.0,2.3,2.4,0.5,0.1,1.2,1.8,11.0,robindu01
163,Guerschon Yabusele,29,PHI,C,70,43,27.1,4.0,8.0,0.501,1.5,3.9,0.38,2.5,4.1,0.616,0.593,1.4,2.0,0.725,1.9,3.7,5.6,2.1,0.8,0.3,1.2,2.3,11.0,yabusgu01
164,Brice Sensabaugh,21,UTA,SF,71,15,20.2,3.9,8.4,0.459,2.2,5.2,0.422,1.7,3.2,0.52,0.59,0.9,1.0,0.89,0.6,2.4,3.0,1.5,0.6,0.1,1.5,1.6,10.9,sensabr01
165,Bogdan Bogdanovic,32,2TM,SG,54,4,25.0,3.9,9.1,0.427,1.9,5.4,0.363,1.9,3.8,0.517,0.534,1.1,1.2,0.879,0.4,2.5,2.9,2.7,0.8,0.2,1.4,2.4,10.8,bogdabo01
166,Jordan Hawkins,22,NOP,SG,56,9,23.6,3.7,9.9,0.372,2.0,5.9,0.331,1.7,4.0,0.433,0.471,1.4,1.8,0.816,0.4,2.4,2.8,1.2,0.5,0.4,1.0,0.9,10.8,hawkijo01
167,Brandon Boston Jr.,23,NOP,SG,42,10,23.6,4.0,9.1,0.436,1.2,3.3,0.35,2.8,5.7,0.485,0.5,1.6,2.0,0.788,0.7,2.5,3.2,2.2,1.3,0.2,1.2,1.7,10.7,bostobr01
168,Nikola Jovic,21,MIA,PF,46,10,25.1,3.7,8.2,0.456,1.7,4.6,0.371,2.0,3.6,0.563,0.56,1.6,1.9,0.828,0.6,3.3,3.9,2.8,0.8,0.3,1.3,1.8,10.7,jovicni01
169,Grayson Allen,29,PHO,SG,64,7,24.1,3.4,7.6,0.448,2.3,5.5,0.426,1.1,2.2,0.504,0.6,1.5,1.8,0.816,0.5,2.5,3.0,2.1,0.8,0.3,1.2,1.5,10.6,allengr01
170,Keon Johnson,22,BRK,SG,79,56,24.4,3.8,9.9,0.389,1.6,5.1,0.314,2.2,4.8,0.468,0.47,1.4,1.8,0.77,0.8,3.0,3.8,2.2,1.0,0.4,1.5,2.6,10.6,johnske07
171,Terry Rozier,30,MIA,PG,64,23,25.9,3.9,9.9,0.391,1.4,4.8,0.295,2.5,5.1,0.48,0.462,1.4,1.7,0.852,0.7,3.0,3.7,2.6,0.6,0.2,1.2,1.1,10.6,roziete01
172,Obi Toppin,26,IND,PF,79,4,19.6,4.0,7.6,0.529,1.4,3.8,0.365,2.6,3.8,0.695,0.621,1.1,1.4,0.781,0.7,3.3,4.0,1.6,0.6,0.4,0.9,1.4,10.5,toppiob01
173,Jonas Valanciunas,32,2TM,C,81,21,18.8,4.3,7.7,0.55,0.1,0.5,0.216,4.2,7.3,0.571,0.557,1.8,2.0,0.879,2.3,5.4,7.7,2.0,0.5,0.6,1.5,2.2,10.4,valanjo01
174,Ochai Agbaji,24,TOR,SG,64,45,27.2,4.2,8.3,0.498,1.6,4.0,0.399,2.6,4.4,0.587,0.593,0.5,0.8,0.708,1.0,2.8,3.8,1.5,0.9,0.5,0.8,2.0,10.4,agbajoc01
175,Jaylen Wells,21,MEM,SG,79,74,25.9,3.6,8.6,0.425,1.7,5.0,0.352,1.9,3.6,0.525,0.527,1.4,1.7,0.822,1.1,2.3,3.4,1.7,0.6,0.1,0.9,1.8,10.4,wellsja01
177,Kevin Porter Jr.,24,2TM,SG,75,4,19.8,3.9,8.7,0.449,0.7,2.4,0.311,3.2,6.3,0.501,0.492,1.7,2.3,0.769,0.6,3.1,3.7,3.4,1.1,0.2,1.8,1.6,10.3,porteke02
178,Jose Alvarado,26,NOP,PG,56,23,24.4,3.6,9.3,0.392,2.0,5.5,0.359,1.7,3.8,0.439,0.498,1.1,1.3,0.811,0.5,1.9,2.4,4.6,1.3,0.3,1.5,1.6,10.3,alvarjo01
179,Nic Claxton,25,BRK,C,70,62,26.9,4.6,8.1,0.563,0.1,0.3,0.238,4.5,7.8,0.576,0.568,1.1,2.2,0.513,2.2,5.1,7.4,2.2,0.9,1.4,1.2,2.1,10.3,claxtni01
182,Isaiah Joe,25,OKC,SG,74,16,21.7,3.5,7.9,0.44,2.6,6.3,0.412,0.9,1.6,0.549,0.604,0.6,0.8,0.821,0.6,2.1,2.6,1.6,0.6,0.1,0.5,1.5,10.2,joeis01
183,Tyus Jones,28,PHO,PG,81,58,26.8,3.8,8.4,0.448,2.0,5.0,0.414,1.7,3.5,0.496,0.57,0.6,0.7,0.895,0.5,1.9,2.4,5.3,0.9,0.1,1.1,0.8,10.2,jonesty01
184,Trendon Watford,24,BRK,PF,44,6,20.8,3.7,8.0,0.469,0.7,2.0,0.33,3.1,6.0,0.515,0.51,2.1,2.8,0.762,0.8,2.8,3.6,2.6,0.6,0.3,1.9,2.2,10.2,watfotr01
186,Luguentz Dort,25,OKC,SF,71,71,29.2,3.6,8.4,0.435,2.4,5.8,0.412,1.2,2.5,0.489,0.578,0.5,0.6,0.717,1.3,2.9,4.1,1.6,1.1,0.5,0.7,2.9,10.1,dortlu01
187,Justin Edwards,21,PHI,SF,44,26,26.3,3.9,8.6,0.455,1.6,4.3,0.363,2.3,4.3,0.548,0.546,0.7,1.0,0.696,1.0,2.3,3.4,1.6,1.0,0.4,1.1,2.2,10.1,edwarju01
188,Derrick Jones Jr.,27,LAC,SF,77,55,24.3,4.0,7.6,0.526,1.0,2.8,0.356,3.0,4.8,0.627,0.593,1.1,1.5,0.703,1.2,2.2,3.4,0.8,1.0,0.4,0.9,2.0,10.1,jonesde02
189,Ausar Thompson,22,DET,SF,59,48,22.5,4.2,7.8,0.535,0.2,0.8,0.224,4.0,7.0,0.572,0.547,1.5,2.4,0.641,1.9,3.3,5.1,2.3,1.7,0.7,1.4,2.8,10.1,thompau01
190,Chris Boucher,32,TOR,PF,50,0,17.2,3.6,7.4,0.492,1.4,3.9,0.363,2.2,3.5,0.633,0.586,1.4,1.7,0.782,1.4,3.1,4.5,0.7,0.5,0.5,0.6,1.4,10.0,bouchch01
191,Andrew Nembhard,25,IND,SG,65,65,28.9,3.8,8.3,0.458,0.8,2.7,0.291,3.0,5.6,0.538,0.506,1.7,2.1,0.794,0.5,2.8,3.3,5.0,1.2,0.2,1.7,2.3,10.0,nembhan01
192,Ziaire Williams,23,BRK,SF,63,45,24.5,3.4,8.3,0.412,1.6,4.8,0.341,1.8,3.5,0.509,0.511,1.6,2.0,0.821,1.0,3.6,4.6,1.3,1.0,0.4,1.1,2.4,10.0,willizi02
193,Kevin Huerter,26,2TM,SG,69,31,24.3,3.7,8.8,0.425,1.9,5.7,0.338,1.8,3.1,0.587,0.535,0.5,0.7,0.714,0.4,2.5,3.0,2.3,1.0,0.3,1.0,1.8,9.9,huertke01
194,Georges Niang,31,2TM,PF,79,3,21.5,3.6,7.8,0.461,2.1,5.2,0.406,1.5,2.7,0.569,0.595,0.6,0.7,0.793,0.6,2.8,3.4,1.4,0.4,0.2,1.0,2.5,9.9,niangge01
195,Julian Champagnie,23,SAS,SF,82,29,23.6,3.4,8.1,0.415,2.2,5.9,0.371,1.2,2.3,0.53,0.549,1.0,1.1,0.904,0.8,3.1,3.9,1.4,0.7,0.4,0.9,1.4,9.9,champju02
196,Scotty Pippen Jr.,24,MEM,PG,79,21,21.3,3.6,7.5,0.48,1.1,2.8,0.397,2.5,4.7,0.528,0.553,1.5,2.2,0.713,0.8,2.5,3.3,4.4,1.3,0.4,1.7,2.6,9.9,pippesc02
197,Nick Smith Jr.,20,CHO,SG,60,27,22.8,3.7,9.5,0.391,1.7,5.1,0.34,2.0,4.4,0.45,0.482,0.7,0.8,0.935,0.2,1.9,2.1,2.4,0.3,0.1,1.4,1.3,9.9,smithni01
198,Bub Carrington,19,WAS,PG,82,57,30.0,3.7,9.1,0.401,1.7,5.0,0.339,2.0,4.2,0.475,0.493,0.8,1.0,0.812,0.4,3.8,4.2,4.4,0.7,0.3,1.7,2.3,9.8,carrica01
199,Moses Moody,22,GSW,SG,74,34,22.3,3.3,7.7,0.433,1.7,4.6,0.374,1.6,3.1,0.519,0.544,1.4,1.8,0.797,0.7,1.9,2.6,1.3,0.8,0.4,0.7,1.6,9.8,moodymo01
200,Amir Coffey,27,LAC,SG,72,13,24.3,3.3,7.1,0.471,1.4,3.4,0.409,1.9,3.7,0.529,0.57,1.6,1.8,0.891,0.4,1.8,2.2,1.1,0.6,0.1,0.6,1.7,9.7,coffeam01
201,Max Christie,21,2TM,SG,78,36,27.3,3.2,7.6,0.427,1.5,4.0,0.366,1.8,3.5,0.496,0.525,1.7,1.9,0.855,0.5,2.8,3.3,1.9,0.8,0.4,1.1,1.5,9.6,chrisma02
202,Kyle Filipowski,21,UTA,C,72,27,21.1,3.6,7.2,0.502,1.1,3.1,0.35,2.5,4.1,0.614,0.576,1.3,2.0,0.65,1.6,4.6,6.1,1.9,0.7,0.3,1.4,2.4,9.6,filipky01
204,Miles McBride,24,NYK,PG,64,10,24.9,3.5,8.5,0.406,1.8,4.9,0.369,1.7,3.7,0.455,0.511,0.8,1.0,0.813,0.7,1.8,2.5,2.9,1.0,0.3,0.6,1.7,9.5,mcbrimi01
205,Jalen Wilson,24,BRK,PF,79,22,25.7,3.1,7.8,0.397,1.5,4.6,0.337,1.6,3.3,0.481,0.495,1.7,2.1,0.818,0.9,2.5,3.4,1.8,0.5,0.1,1.0,2.1,9.5,wilsoja03
206,Nickeil Alexander-Walker,26,MIN,SG,82,10,25.3,3.3,7.5,0.438,1.7,4.5,0.381,1.6,3.0,0.524,0.553,1.1,1.4,0.78,0.7,2.6,3.2,2.7,0.6,0.4,1.2,1.7,9.4,alexani01
207,Cole Anthony,24,ORL,PG,67,22,18.4,3.4,8.1,0.424,1.1,3.3,0.353,2.3,4.9,0.471,0.494,1.4,1.7,0.823,0.7,2.4,3.0,2.9,0.7,0.5,1.5,2.3,9.4,anthoco01
208,Anthony Black,21,ORL,PG,78,10,24.2,3.4,7.9,0.423,0.8,2.5,0.318,2.6,5.4,0.471,0.473,1.9,2.5,0.761,0.7,2.3,2.9,3.1,1.1,0.6,1.8,2.1,9.4,blackan01
209,Max Strus,28,CLE,SF,50,37,25.5,3.3,7.5,0.442,2.3,5.9,0.386,1.0,1.6,0.65,0.594,0.6,0.7,0.824,1.1,3.3,4.3,3.2,0.5,0.2,1.1,2.1,9.4,strusma01
211,Cam Whitmore,20,HOU,SF,51,3,16.2,3.5,7.9,0.444,1.3,3.6,0.355,2.2,4.3,0.518,0.525,1.1,1.4,0.75,0.7,2.3,3.0,1.0,0.6,0.3,0.9,0.9,9.4,whitmca01
212,Nick Richards,27,2TM,C,57,43,22.0,3.6,6.1,0.591,0.0,0.0,0.0,3.6,6.1,0.594,0.591,2.1,2.8,0.744,2.6,5.6,8.2,0.9,0.2,1.0,1.4,2.5,9.3,richani01
213,Kel'el Ware,20,MIA,C,64,36,22.2,4.0,7.3,0.554,0.5,1.7,0.315,3.5,5.5,0.629,0.592,0.7,1.0,0.687,1.8,5.6,7.4,0.9,0.6,1.1,0.9,1.7,9.3,wareke01
214,Zach Edey,22,MEM,C,66,55,21.5,3.8,6.6,0.58,0.3,0.8,0.346,3.5,5.8,0.612,0.6,1.4,1.9,0.709,3.5,4.8,8.3,1.0,0.5,1.3,1.3,2.8,9.2,edeyza01
215,Wendell Carter Jr.,25,ORL,C,68,51,25.9,3.3,7.2,0.46,0.5,2.3,0.234,2.8,4.9,0.568,0.498,1.9,2.6,0.737,2.2,5.0,7.2,2.0,0.8,0.6,1.1,2.9,9.1,cartewe01
216,Noah Clowney,20,BRK,PF,46,20,22.7,2.9,8.1,0.358,1.9,5.7,0.333,1.0,2.4,0.414,0.474,1.5,1.7,0.838,0.9,3.0,3.9,0.9,0.5,0.5,1.0,2.3,9.1,clownno01
217,Dalton Knecht,23,LAL,SF,78,16,19.2,3.3,7.1,0.461,1.6,4.4,0.376,1.7,2.8,0.594,0.576,0.8,1.1,0.762,0.5,2.3,2.8,0.8,0.3,0.1,0.5,1.2,9.1,knechda01
219,T.J. McConnell,32,IND,PG,79,1,17.9,4.1,7.9,0.519,0.2,0.6,0.306,3.9,7.3,0.537,0.531,0.7,1.0,0.74,0.6,1.9,2.4,4.4,1.1,0.3,1.4,1.0,9.1,mccontj01
220,Yves Missi,20,NOP,C,73,67,26.8,3.7,6.7,0.547,0.0,0.0,0.0,3.7,6.7,0.548,0.547,1.7,2.8,0.623,3.5,4.7,8.2,1.4,0.5,1.3,1.1,2.0,9.1,missiyv01
221,Royce O'Neale,31,PHO,SF,75,22,24.5,3.2,7.6,0.423,2.4,5.9,0.406,0.8,1.7,0.481,0.58,0.3,0.3,0.731,0.7,3.9,4.7,2.2,0.9,0.5,0.9,2.0,9.1,onealro01
222,Jared Butler,24,2TM,SG,60,17,17.4,3.4,7.6,0.448,1.0,2.8,0.355,2.4,4.7,0.504,0.514,1.3,1.5,0.824,0.4,1.4,1.8,3.7,0.7,0.2,1.3,1.6,9.0,butleja02
224,Draymond Green,34,GSW,PF,68,66,29.2,3.2,7.5,0.424,1.2,3.6,0.325,2.0,3.9,0.517,0.503,1.5,2.2,0.687,1.1,5.0,6.1,5.6,1.5,1.0,2.6,3.2,9.0,greendr01
226,Al Horford,38,BOS,C,60,42,27.7,3.3,7.7,0.423,1.9,5.2,0.363,1.4,2.5,0.551,0.547,0.6,0.6,0.895,1.3,4.8,6.2,2.1,0.6,0.9,0.8,1.4,9.0,horfoal01
227,Julian Strawther,22,DEN,SG,65,4,21.3,3.2,7.5,0.432,1.4,4.1,0.349,1.8,3.3,0.535,0.529,1.1,1.4,0.822,0.3,1.9,2.2,1.3,0.6,0.2,0.9,2.3,9.0,strawju01
228,Patrick Williams,23,CHI,PF,63,36,25.0,3.3,8.2,0.397,1.5,4.3,0.353,1.7,3.9,0.447,0.49,1.0,1.3,0.723,0.7,3.1,3.8,2.0,0.8,0.5,1.4,1.4,9.0,willipa01
229,Jusuf Nurkic,30,2TM,C,51,32,20.8,3.3,6.9,0.477,0.6,2.1,0.305,2.7,4.8,0.551,0.523,1.7,2.5,0.664,1.7,6.1,7.8,2.3,0.8,0.7,1.9,2.5,8.9,nurkiju01
230,Clint Capela,30,ATL,C,55,41,21.4,4.0,7.1,0.559,0.0,0.0,0.0,4.0,7.1,0.56,0.559,0.9,1.8,0.536,3.2,5.4,8.5,1.1,0.6,1.0,0.9,1.9,8.9,capelca01
231,Johnny Juzang,23,UTA,SG,64,18,19.8,3.2,7.4,0.429,1.8,4.9,0.376,1.3,2.5,0.534,0.554,0.7,0.8,0.849,0.7,2.2,2.9,1.1,0.6,0.1,0.6,2.0,8.9,juzanjo01
232,Luke Kennard,28,MEM,SG,65,11,22.6,3.2,6.6,0.478,1.7,4.0,0.433,1.4,2.6,0.547,0.609,0.8,0.9,0.895,0.6,2.2,2.8,3.3,0.8,0.1,1.1,0.9,8.9,kennalu01
233,Justin Champagnie,23,WAS,SF,62,31,21.6,3.4,6.6,0.511,1.2,3.1,0.383,2.2,3.5,0.624,0.601,0.8,1.2,0.685,1.8,3.9,5.7,1.0,1.0,0.6,0.9,1.8,8.8,champju01
235,Chris Paul,39,SAS,PG,82,82,28.0,3.0,7.1,0.427,1.7,4.5,0.377,1.3,2.6,0.514,0.547,1.0,1.1,0.924,0.4,3.2,3.6,7.4,1.3,0.3,1.6,1.8,8.8,paulch01
236,Kelly Olynyk,33,2TM,C,44,22,20.3,3.0,6.1,0.5,0.8,1.8,0.418,2.3,4.3,0.534,0.562,1.9,2.5,0.769,1.4,3.3,4.7,2.9,0.8,0.4,1.7,2.8,8.7,olynyke01
237,Dorian Finney-Smith,31,2TM,PF,63,40,28.9,3.1,6.9,0.448,2.0,5.0,0.411,1.0,1.9,0.545,0.597,0.5,0.7,0.667,1.3,2.7,3.9,1.4,0.9,0.4,0.9,2.2,8.7,finnedo01
239,Kentavious Caldwell-Pope,31,ORL,SG,77,77,29.6,3.1,7.1,0.439,1.5,4.3,0.342,1.6,2.8,0.589,0.543,1.1,1.2,0.863,0.4,1.8,2.2,1.8,1.3,0.4,0.8,1.8,8.7,caldwke01
240,Isaiah Collier,20,UTA,PG,71,46,25.9,3.3,7.8,0.422,0.6,2.4,0.249,2.7,5.4,0.497,0.459,1.5,2.2,0.682,0.5,2.9,3.3,6.3,0.9,0.2,2.9,2.1,8.7,colliis01
242,Kyshawn George,21,WAS,SG,68,38,26.5,3.0,8.0,0.372,1.7,5.2,0.322,1.3,2.8,0.464,0.476,1.0,1.4,0.753,0.7,3.5,4.2,2.5,1.0,0.7,1.4,3.0,8.7,georgky01
243,Jaden Hardy,22,DAL,SG,57,3,15.9,3.2,7.3,0.435,1.3,3.5,0.386,1.8,3.8,0.479,0.527,1.1,1.5,0.698,0.2,1.4,1.6,1.4,0.5,0.1,1.4,1.6,8.7,hardyja02
245,Tyrese Martin,25,BRK,SG,60,11,21.9,3.2,7.8,0.406,1.7,4.7,0.351,1.5,3.1,0.492,0.513,0.8,1.0,0.793,1.0,2.7,3.7,2.0,0.6,0.2,1.2,1.3,8.7,martity01
246,Matas Buzelis,20,CHI,SF,80,31,18.9,3.2,6.9,0.454,1.2,3.3,0.361,2.0,3.6,0.54,0.541,1.1,1.4,0.815,0.7,2.8,3.5,1.0,0.4,0.9,0.9,1.6,8.6,buzelma01
247,Jaime Jaquez Jr.,23,MIA,SF,66,17,20.7,3.2,7.0,0.461,0.6,1.8,0.311,2.7,5.2,0.513,0.501,1.6,2.2,0.754,1.3,3.1,4.4,2.5,0.9,0.2,1.5,1.2,8.6,jaqueja01
248,Ja'Kobe Walter,20,TOR,SG,52,18,21.2,3.1,7.6,0.405,1.3,3.6,0.349,1.8,4.0,0.454,0.487,1.3,1.6,0.795,1.1,1.9,3.1,1.6,0.8,0.2,1.0,1.8,8.6,walteja01
249,Sam Hauser,27,BOS,PF,71,19,21.7,3.0,6.7,0.451,2.3,5.6,0.416,0.7,1.1,0.64,0.627,0.2,0.2,1.0,0.6,2.5,3.2,0.9,0.6,0.2,0.3,1.2,8.5,hausesa01
253,Cason Wallace,21,OKC,SG,68,43,27.6,3.4,7.2,0.474,1.1,3.1,0.356,2.3,4.1,0.562,0.55,0.4,0.5,0.811,1.0,2.3,3.4,2.5,1.8,0.5,0.9,2.1,8.4,wallaca01
254,Bruce Brown,28,2TM,PG,41,12,22.5,3.2,7.5,0.421,0.7,2.0,0.333,2.5,5.6,0.452,0.464,1.3,1.6,0.815,1.0,3.0,4.0,2.0,0.8,0.2,1.0,1.7,8.3,brownbr01
255,Dalano Banton,25,POR,PG,67,7,16.7,3.0,7.6,0.391,1.1,3.3,0.324,1.9,4.3,0.442,0.462,1.4,1.9,0.728,0.4,1.6,2.0,2.4,0.6,0.5,1.3,0.9,8.3,bantoda01
256,Brandon Clarke,28,MEM,PF,64,18,18.9,3.7,5.9,0.621,0.0,0.3,0.059,3.7,5.7,0.647,0.622,1.0,1.4,0.701,2.0,3.1,5.1,1.0,0.8,0.6,0.6,2.3,8.3,clarkbr01
257,Keon Ellis,25,SAC,SG,80,28,24.4,2.8,5.8,0.489,1.7,4.0,0.433,1.1,1.8,0.615,0.639,0.9,1.1,0.849,0.8,1.9,2.7,1.5,1.5,0.8,0.9,2.2,8.3,elliske01
259,Mike Conley,37,MIN,PG,71,64,24.7,2.6,6.6,0.4,1.8,4.4,0.41,0.8,2.2,0.38,0.535,1.1,1.3,0.9,0.5,2.1,2.6,4.5,1.1,0.2,1.1,1.6,8.2,conlemi01
260,Taurean Prince,30,MIL,SF,80,73,27.1,2.9,6.4,0.457,1.8,4.2,0.439,1.1,2.2,0.492,0.6,0.5,0.6,0.813,0.4,3.2,3.6,1.9,1.0,0.2,1.0,2.1,8.2,princta02
261,Jalen Smith,24,CHI,C,64,2,15.0,3.0,6.4,0.466,1.1,3.5,0.324,1.8,2.9,0.634,0.554,1.1,1.4,0.809,1.4,4.2,5.6,1.0,0.3,0.7,0.6,1.5,8.2,smithja04
262,Quinten Post,24,GSW,PF,42,14,16.3,2.9,6.5,0.449,1.7,4.3,0.408,1.2,2.3,0.526,0.582,0.5,0.6,0.778,0.8,2.7,3.5,1.3,0.4,0.4,0.8,2.0,8.1,postqu01
263,Peyton Watson,22,DEN,SF,68,18,24.4,3.0,6.3,0.477,0.7,2.0,0.353,2.3,4.3,0.534,0.533,1.4,2.0,0.693,0.7,2.7,3.4,1.4,0.7,1.4,0.8,1.8,8.1,watsope01
264,Davion Mitchell,26,2TM,PG,74,37,27.4,3.0,6.4,0.468,1.1,2.9,0.398,1.9,3.6,0.525,0.557,0.8,1.1,0.69,0.5,1.8,2.3,4.9,1.0,0.2,1.7,2.5,7.9,mitchda01
265,Caleb Martin,29,2TM,SF,45,24,27.1,2.9,6.8,0.424,0.8,2.3,0.359,2.0,4.5,0.458,0.485,1.4,2.2,0.622,1.2,2.8,3.9,2.1,1.0,0.5,1.2,1.9,7.9,martica02
267,Day'Ron Sharpe,23,BRK,C,50,2,18.1,3.3,6.3,0.521,0.2,0.9,0.244,3.1,5.4,0.566,0.538,1.1,1.5,0.757,3.0,3.6,6.6,1.8,0.8,0.8,1.3,2.3,7.9,sharpda01
269,Terance Mann,28,2TM,SG,67,13,21.1,3.1,6.2,0.496,0.9,2.4,0.368,2.2,3.7,0.58,0.569,0.7,1.0,0.691,1.0,2.0,3.0,1.8,0.7,0.2,0.7,1.9,7.7,mannte01
270,Karlo Matkovic,23,NOP,PF,42,7,18.8,3.2,5.6,0.574,0.5,1.6,0.318,2.7,4.0,0.675,0.619,0.8,1.0,0.773,1.5,3.5,5.0,1.1,0.5,1.0,1.0,2.5,7.7,matkoka01
274,Garrison Mathews,28,ATL,SG,47,2,17.7,2.2,5.5,0.397,1.8,4.6,0.39,0.4,0.8,0.436,0.562,1.4,1.7,0.821,0.3,1.6,1.9,1.3,0.6,0.3,0.7,1.7,7.5,mathega01
276,A.J. Green,25,MIL,SG,73,7,22.7,2.5,5.8,0.429,2.1,5.0,0.427,0.4,0.8,0.443,0.612,0.3,0.4,0.815,0.2,2.1,2.4,1.5,0.5,0.1,0.5,2.2,7.4,greenaj01
277,Josh Green,24,CHO,SG,68,67,27.8,2.6,6.2,0.428,1.4,3.6,0.391,1.2,2.5,0.48,0.543,0.7,1.1,0.681,0.8,1.7,2.5,1.6,1.1,0.2,1.0,2.4,7.4,greenjo02
280,Alec Burks,33,MIA,SG,49,14,17.6,2.3,5.5,0.424,1.8,4.2,0.425,0.6,1.3,0.422,0.587,0.8,1.0,0.776,0.3,2.2,2.5,1.1,0.6,0.1,0.6,0.8,7.3,burksal01
281,Ricky Council IV,23,PHI,SF,73,12,17.1,2.4,6.3,0.382,0.8,2.9,0.258,1.7,3.4,0.488,0.442,1.7,2.1,0.804,0.7,2.2,2.9,1.3,0.4,0.2,0.7,0.9,7.3,councri01
283,Tre Jones,25,2TM,PG,46,9,19.7,2.8,5.2,0.538,0.4,1.0,0.396,2.4,4.1,0.574,0.578,1.2,1.5,0.821,0.7,1.8,2.5,4.2,0.8,0.2,0.8,1.2,7.2,jonestr01
284,Goga Bitadze,25,ORL,C,70,42,20.4,3.0,4.8,0.611,0.0,0.4,0.107,2.9,4.4,0.656,0.615,1.2,1.9,0.639,2.4,4.2,6.6,2.0,0.7,1.4,1.0,2.1,7.2,bitadgo01
285,Tristan Da Silva,23,ORL,SF,74,38,22.0,2.7,6.5,0.412,1.1,3.2,0.335,1.6,3.3,0.488,0.495,0.7,0.9,0.873,1.0,2.3,3.3,1.5,0.4,0.2,0.8,1.3,7.2,dasiltr01
287,Vit Krejci,24,ATL,PG,57,16,20.2,2.5,5.1,0.497,1.6,3.6,0.437,1.0,1.5,0.64,0.651,0.6,0.8,0.711,0.4,2.4,2.7,2.6,0.6,0.5,0.9,1.8,7.2,krejcvi01
288,Sam Merrill,28,CLE,SG,71,4,19.7,2.4,6.0,0.406,1.9,5.2,0.372,0.5,0.8,0.625,0.567,0.4,0.4,0.966,0.5,1.7,2.2,1.5,0.7,0.2,0.5,1.7,7.2,merrisa01
293,Jamison Battle,23,TOR,SF,59,10,17.7,2.5,5.9,0.429,1.8,4.4,0.405,0.7,1.5,0.5,0.581,0.3,0.3,0.889,0.6,2.1,2.7,0.9,0.3,0.2,0.5,1.6,7.1,battlja01
294,Alex Caruso,30,OKC,SG,54,3,19.3,2.6,5.8,0.446,1.1,3.1,0.353,1.5,2.7,0.556,0.541,0.8,0.9,0.824,0.7,2.2,2.9,2.5,1.6,0.6,0.7,1.9,7.1,carusal01
295,Jamal Shead,22,TOR,PG,75,11,19.6,2.7,6.7,0.405,1.0,3.0,0.323,1.8,3.7,0.47,0.476,0.7,0.9,0.768,0.4,1.1,1.5,4.2,0.8,0.1,1.6,2.1,7.1,sheadja01
296,Jeff Dowtin Jr.,27,PHI,PG,41,3,15.1,2.7,5.6,0.487,0.7,1.7,0.4,2.0,3.9,0.525,0.548,0.8,1.1,0.733,0.3,1.2,1.5,1.9,0.6,0.3,0.4,0.7,7.0,dowtije01
300,Orlando Robinson,24,2TM,C,44,8,17.5,2.6,5.9,0.444,0.4,1.2,0.327,2.3,4.8,0.474,0.477,1.2,1.6,0.771,2.0,3.0,5.0,1.8,0.4,0.4,1.1,2.3,6.9,robinor01
301,Jake LaRavia,23,2TM,PF,66,0,20.4,2.4,5.1,0.475,0.9,2.2,0.423,1.5,3.0,0.513,0.564,1.2,1.7,0.678,1.4,2.6,3.9,2.4,0.9,0.3,1.3,2.0,6.9,laravja01
302,Ryan Dunn,22,PHO,SF,74,44,19.1,2.8,6.4,0.43,1.1,3.6,0.311,1.7,2.9,0.577,0.516,0.3,0.5,0.487,1.2,2.4,3.6,0.8,0.6,0.5,0.5,2.2,6.9,dunnry01
303,Jay Huff,26,MEM,C,64,2,11.7,2.5,4.8,0.515,1.3,3.1,0.405,1.2,1.6,0.724,0.648,0.7,0.9,0.786,0.5,1.5,2.0,0.6,0.3,0.9,0.5,1.2,6.9,huffja01
304,Cameron Payne,30,NYK,PG,72,5,15.1,2.5,6.2,0.401,1.3,3.6,0.363,1.2,2.6,0.453,0.506,0.7,0.8,0.907,0.2,1.3,1.4,2.8,0.5,0.2,0.7,1.5,6.9,payneca01
305,Antonio Reeves,24,NOP,SG,44,6,15.0,2.6,5.6,0.456,1.2,2.9,0.395,1.4,2.7,0.521,0.558,0.6,0.8,0.8,0.4,1.0,1.4,0.9,0.5,0.1,0.7,0.9,6.9,reevean01
306,Cody Martin,29,2TM,SF,53,8,22.1,2.6,6.1,0.418,0.8,2.8,0.285,1.8,3.3,0.534,0.485,0.8,1.2,0.705,1.0,3.2,4.2,2.0,1.1,0.6,1.0,1.8,6.8,martico01
309,Jaxson Hayes,24,LAL,C,56,35,19.5,2.9,4.0,0.722,0.0,0.1,0.0,2.9,3.9,0.732,0.722,1.1,1.8,0.622,1.4,3.4,4.8,1.0,0.6,0.9,0.8,2.4,6.8,hayesja02
311,DaQuan Jeffries,27,CHO,SG,47,20,22.8,2.5,6.2,0.405,1.2,3.5,0.335,1.3,2.7,0.496,0.5,0.5,0.6,0.8,0.8,2.1,2.9,1.1,0.6,0.5,0.7,2.1,6.7,jeffrda01
313,Vasilije Micic,31,2TM,PG,41,16,19.1,2.3,6.7,0.348,1.1,3.0,0.36,1.2,3.6,0.338,0.43,0.8,1.0,0.829,0.5,1.7,2.2,3.1,0.4,0.0,1.9,1.1,6.6,micicva01
314,Precious Achiuwa,25,NYK,C,57,10,20.5,2.9,5.7,0.502,0.2,0.6,0.278,2.7,5.1,0.529,0.517,0.7,1.2,0.594,1.8,3.8,5.6,1.0,0.8,0.7,0.8,1.4,6.6,achiupr01
315,Trayce Jackson-Davis,24,GSW,C,62,37,15.6,2.8,4.9,0.576,0.0,0.0,0.0,2.8,4.8,0.582,0.576,1.0,1.6,0.578,2.0,3.0,5.0,1.7,0.4,0.6,0.7,1.2,6.6,jackstr02
316,Marcus Sasser,24,DET,PG,57,1,14.2,2.4,5.2,0.463,1.0,2.7,0.382,1.4,2.5,0.549,0.561,0.8,0.9,0.843,0.3,0.9,1.2,2.3,0.6,0.1,0.9,1.3,6.6,sassema01
318,Thomas Bryant,27,2TM,C,66,8,14.6,2.5,4.9,0.508,0.7,2.2,0.324,1.7,2.6,0.665,0.583,0.8,1.0,0.859,1.3,2.5,3.8,0.8,0.4,0.6,0.5,1.2,6.5,bryanth01
319,Donovan Clingan,20,POR,C,67,37,19.8,2.7,5.0,0.539,0.2,0.7,0.286,2.5,4.3,0.582,0.56,0.9,1.6,0.596,3.2,4.6,7.9,1.1,0.5,1.6,1.1,2.8,6.5,clingdo01
320,Seth Curry,34,CHO,SG,68,14,15.6,2.4,5.0,0.478,1.2,2.7,0.456,1.2,2.4,0.503,0.599,0.5,0.6,0.846,0.4,1.3,1.7,0.9,0.4,0.1,0.5,0.9,6.5,curryse01
321,Haywood Highsmith,28,MIA,SF,74,42,24.6,2.4,5.3,0.458,1.2,3.1,0.382,1.2,2.1,0.57,0.572,0.4,0.6,0.721,1.0,2.4,3.4,1.5,0.9,0.5,0.7,2.2,6.5,highsha01
322,Talen Horton-Tucker,24,CHI,SG,58,0,12.5,2.3,5.0,0.457,0.7,2.1,0.336,1.6,2.9,0.544,0.527,1.2,1.7,0.735,0.3,1.4,1.7,1.4,0.4,0.2,0.7,1.0,6.5,hortota01
323,Trey Lyles,29,SAC,PF,69,5,19.6,2.3,5.4,0.42,1.2,3.4,0.34,1.1,2.0,0.559,0.528,0.8,1.2,0.7,1.2,3.4,4.6,1.2,0.6,0.3,0.6,1.2,6.5,lylestr01
325,Gary Payton II,32,GSW,SG,62,11,15.0,2.8,4.8,0.574,0.5,1.5,0.326,2.3,3.3,0.69,0.626,0.4,0.6,0.711,0.9,2.1,3.0,1.3,0.8,0.3,0.6,1.7,6.5,paytoga02
326,Zach Collins,27,2TM,PF,64,12,15.3,2.4,4.7,0.507,0.5,1.7,0.302,1.9,3.1,0.617,0.56,1.1,1.2,0.885,1.6,2.9,4.5,1.7,0.5,0.5,0.9,2.1,6.4,colliza01
327,Kris Dunn,30,LAC,PG,74,58,24.1,2.6,5.9,0.439,1.0,3.0,0.335,1.6,2.9,0.549,0.525,0.2,0.3,0.682,0.7,2.7,3.4,2.8,1.7,0.4,1.0,2.7,6.4,dunnkr01
328,Ron Holland,19,DET,SF,81,2,15.6,2.4,5.1,0.474,0.4,1.9,0.238,2.0,3.3,0.608,0.517,1.1,1.5,0.754,0.5,2.2,2.7,1.0,0.6,0.2,0.9,1.7,6.4,hollaro01
329,KJ Martin,24,2TM,PF,43,16,21.2,2.6,4.7,0.552,0.3,1.3,0.259,2.2,3.3,0.671,0.59,0.9,1.1,0.787,0.7,2.2,2.9,1.1,0.4,0.5,0.6,2.3,6.4,martike04
330,Gabe Vincent,28,LAL,PG,72,11,21.2,2.3,5.8,0.4,1.5,4.3,0.353,0.8,1.5,0.532,0.53,0.2,0.3,0.714,0.3,1.0,1.3,1.4,0.7,0.2,0.6,2.1,6.4,vincega01
331,Sandro Mamukelashvili,25,SAS,PF,61,0,11.2,2.3,4.6,0.502,1.0,2.6,0.373,1.3,2.0,0.675,0.609,0.7,1.0,0.741,1.0,2.0,3.1,0.8,0.4,0.3,0.4,1.0,6.3,mamuksa01
332,Jeremiah Robinson-Earl,24,NOP,PF,66,9,18.8,2.4,5.3,0.455,0.8,2.5,0.341,1.5,2.8,0.557,0.536,0.7,0.8,0.836,1.7,3.1,4.8,1.3,0.6,0.1,0.8,1.2,6.3,robinje02
333,Kenrich Williams,30,OKC,PF,69,7,16.4,2.5,5.1,0.483,1.0,2.5,0.386,1.5,2.7,0.574,0.576,0.4,0.6,0.718,0.9,2.6,3.5,1.4,0.6,0.1,0.6,1.6,6.3,willike04
335,Jonathan Mogbo,23,TOR,PF,63,18,20.4,2.5,5.7,0.438,0.3,1.1,0.243,2.2,4.5,0.486,0.462,1.0,1.3,0.732,1.7,3.2,4.9,2.3,0.9,0.5,1.1,2.2,6.2,mogbojo01
336,Ryan Rollins,22,MIL,PG,56,19,14.6,2.4,4.8,0.487,0.9,2.1,0.408,1.5,2.7,0.55,0.577,0.6,0.8,0.8,0.4,1.6,1.9,1.9,0.8,0.3,0.9,1.6,6.2,rolliry01
338,Isaac Okoro,24,CLE,SG,55,22,19.1,2.3,4.9,0.464,1.0,2.7,0.371,1.2,2.1,0.586,0.569,0.6,0.8,0.717,0.9,1.5,2.4,1.2,0.6,0.3,0.4,1.9,6.1,okorois01
339,Jarace Walker,21,IND,PF,75,5,15.8,2.3,4.8,0.472,1.0,2.5,0.405,1.3,2.3,0.543,0.576,0.6,0.9,0.667,0.3,2.7,3.1,1.5,0.7,0.3,1.0,1.5,6.1,walkeja02
342,Luke Kornet,29,BOS,C,73,16,18.6,2.6,3.8,0.668,0.0,0.0,0.0,2.6,3.8,0.675,0.668,0.9,1.3,0.691,2.6,2.7,5.3,1.6,0.5,1.0,0.4,1.6,6.0,kornelu01
344,Isaiah Stewart,23,DET,C,72,4,19.9,2.4,4.4,0.559,0.2,0.7,0.321,2.2,3.6,0.607,0.586,0.9,1.2,0.759,1.8,3.7,5.5,1.7,0.4,1.4,0.9,2.5,6.0,stewais01
349,Kyle Anderson,31,2TM,PF,61,4,16.4,2.3,5.0,0.469,0.4,1.1,0.357,1.9,3.8,0.502,0.51,0.8,1.1,0.738,0.9,2.5,3.4,2.4,0.7,0.5,0.6,1.3,5.9,anderky01
350,Simone Fontecchio,29,DET,SF,75,0,16.5,2.0,5.0,0.402,1.0,3.0,0.335,1.0,1.9,0.507,0.504,0.9,1.1,0.833,0.7,2.2,2.9,0.9,0.4,0.2,0.7,1.3,5.9,fontesi01
352,Tidjane Salaun,19,CHO,PF,60,10,20.7,1.9,5.8,0.33,1.0,3.4,0.283,0.9,2.3,0.4,0.414,1.1,1.6,0.713,1.2,3.5,4.7,1.2,0.5,0.2,1.0,1.4,5.9,salauti01
353,Jaylin Williams,22,OKC,PF,47,9,16.7,2.1,4.7,0.439,1.3,3.3,0.399,0.8,1.4,0.529,0.577,0.5,0.6,0.767,1.0,4.6,5.6,2.6,0.5,0.6,0.7,1.7,5.9,willija07
355,Adem Bona,21,PHI,C,58,11,15.6,2.3,3.3,0.703,0.0,0.0,0.0,2.3,3.3,0.707,0.703,1.2,1.7,0.67,1.6,2.6,4.2,0.5,0.4,1.2,1.1,2.2,5.8,bonaad01
358,Moussa Diabate,23,CHO,C,71,8,17.5,2.4,3.9,0.596,0.0,0.1,0.0,2.4,3.9,0.609,0.596,1.0,1.6,0.595,2.6,3.5,6.2,0.8,0.6,0.6,0.9,1.5,5.7,diabamo01
360,Landry Shamet,27,NYK,SG,50,0,15.2,2.1,4.6,0.461,1.2,3.1,0.397,0.9,1.5,0.595,0.596,0.2,0.4,0.667,0.2,1.0,1.2,0.5,0.5,0.0,0.4,1.0,5.7,shamela01
362,Shake Milton,28,2TM,SG,57,2,14.7,2.0,4.5,0.453,0.7,1.9,0.358,1.4,2.6,0.52,0.528,0.8,1.0,0.797,0.5,1.3,1.8,1.8,0.4,0.1,0.7,1.2,5.5,miltosh01
363,Aaron Holiday,28,HOU,PG,62,3,12.8,1.9,4.3,0.437,1.2,2.9,0.398,0.7,1.4,0.517,0.571,0.5,0.7,0.829,0.2,1.0,1.3,1.3,0.3,0.2,0.6,1.0,5.5,holidaa01
365,Jonathan Isaac,27,ORL,PF,71,1,15.4,1.9,4.6,0.414,0.5,2.1,0.258,1.3,2.4,0.549,0.474,1.0,1.5,0.682,1.7,2.7,4.4,0.6,0.9,1.1,0.5,1.3,5.4,isaacjo01
366,Dean Wade,28,CLE,PF,59,30,21.2,1.9,4.6,0.413,1.4,3.8,0.36,0.5,0.8,0.653,0.561,0.3,0.5,0.533,0.9,3.4,4.2,1.3,0.7,0.3,0.4,1.7,5.4,wadede01
370,Pat Connaughton,32,MIL,SG,41,1,14.7,2.0,4.3,0.469,0.6,2.0,0.321,1.4,2.3,0.594,0.542,0.6,0.8,0.774,0.5,2.2,2.7,1.7,0.2,0.3,0.6,1.1,5.3,connapa01
372,Ben Sheppard,23,IND,SG,63,9,19.5,1.9,4.6,0.418,1.1,3.2,0.342,0.8,1.4,0.591,0.537,0.4,0.4,0.889,0.7,2.1,2.8,1.3,0.6,0.2,0.3,2.0,5.3,sheppbe01
373,Monte Morris,29,PHO,PG,45,0,12.7,1.8,4.3,0.426,0.7,1.9,0.36,1.2,2.4,0.477,0.505,0.8,0.9,0.857,0.3,1.2,1.5,1.6,0.4,0.1,0.5,0.5,5.2,morrimo01
374,Jabari Walker,22,POR,SF,60,1,12.5,2.0,3.8,0.515,0.5,1.2,0.389,1.5,2.6,0.573,0.576,0.8,1.2,0.69,1.0,2.5,3.5,0.6,0.6,0.1,0.6,1.5,5.2,walkeja01
375,Javonte Green,31,2TM,SG,68,19,18.5,1.8,4.2,0.429,0.7,2.1,0.326,1.1,2.1,0.527,0.509,0.8,1.1,0.724,0.9,2.3,3.2,0.8,1.0,0.5,0.5,1.4,5.1,greenja02
380,Ben Simmons,28,2TM,PG,51,24,22.0,2.3,4.4,0.52,0.0,0.0,,2.3,4.4,0.52,0.52,0.5,0.6,0.727,0.9,3.8,4.7,5.6,0.7,0.5,2.0,2.1,5.0,simmobe01
382,Neemias Queta,25,BOS,C,62,6,13.9,2.1,3.3,0.65,0.0,0.0,0.0,2.1,3.2,0.66,0.65,0.7,1.0,0.754,1.4,2.4,3.8,0.7,0.3,0.7,0.6,1.7,5.0,quetane01
385,Lindy Waters III,27,2TM,SG,52,9,15.0,1.8,4.8,0.369,1.2,3.6,0.344,0.5,1.2,0.444,0.498,0.2,0.2,0.727,0.4,1.7,2.1,1.0,0.5,0.2,0.4,1.2,4.9,waterli01
387,Jock Landale,29,HOU,C,42,3,11.9,1.9,3.6,0.533,0.3,0.6,0.423,1.7,3.0,0.556,0.569,0.6,1.0,0.675,1.3,1.9,3.3,0.9,0.3,0.2,0.5,1.2,4.8,landajo01
391,Drew Eubanks,27,2TM,C,61,4,12.2,1.9,3.2,0.593,0.0,0.1,0.5,1.8,3.1,0.596,0.601,0.8,1.2,0.662,1.0,2.7,3.7,0.9,0.2,0.6,0.7,1.0,4.6,eubandr01
392,Pelle Larsson,23,MIA,SG,55,8,14.2,1.6,3.7,0.438,0.6,1.7,0.337,1.0,2.0,0.528,0.517,0.7,1.1,0.672,0.5,1.2,1.7,1.2,0.6,0.1,0.4,1.7,4.6,larsspe01
393,Julian Phillips,21,CHI,SF,79,5,14.2,1.6,3.6,0.446,0.6,1.9,0.327,1.0,1.7,0.582,0.533,0.8,1.0,0.789,0.8,1.3,2.1,0.5,0.5,0.3,0.3,1.4,4.6,phillju01
394,Cody Williams,20,UTA,SG,50,21,21.2,1.7,5.1,0.323,0.7,2.7,0.259,1.0,2.4,0.393,0.391,0.6,0.8,0.725,0.5,1.7,2.3,1.2,0.5,0.3,0.9,1.9,4.6,willico04
395,Rob Dillingham,20,MIN,PG,49,1,10.5,1.9,4.3,0.441,0.5,1.5,0.338,1.4,2.8,0.496,0.5,0.2,0.3,0.533,0.2,0.8,1.0,2.0,0.4,0.0,1.1,0.8,4.5,dilliro01
396,Jett Howard,21,ORL,SF,60,0,11.7,1.6,4.4,0.374,0.9,3.1,0.296,0.7,1.3,0.566,0.479,0.3,0.4,0.696,0.3,0.8,1.2,0.7,0.2,0.2,0.6,1.1,4.5,howarje01
397,Kevon Looney,28,GSW,C,76,6,15.0,1.9,3.7,0.514,0.0,0.1,0.4,1.9,3.6,0.516,0.518,0.7,1.3,0.566,2.4,3.6,6.1,1.6,0.6,0.5,0.5,2.0,4.5,looneke01
398,Mason Plumlee,34,PHO,C,74,21,17.6,1.7,2.7,0.619,0.0,0.1,0.0,1.7,2.7,0.631,0.619,1.1,1.7,0.648,1.6,4.6,6.1,1.8,0.4,0.6,0.8,2.1,4.5,plumlma01
399,Dalen Terry,22,CHI,SG,73,5,13.5,1.6,3.7,0.448,0.5,1.4,0.356,1.1,2.2,0.506,0.517,0.7,0.9,0.71,0.5,1.2,1.7,1.3,0.6,0.2,0.7,1.6,4.5,terryda01
404,Reed Sheppard,20,HOU,PG,52,3,12.6,1.6,4.6,0.351,0.9,2.7,0.338,0.7,1.9,0.371,0.452,0.3,0.3,0.813,0.3,1.2,1.5,1.4,0.7,0.3,0.7,1.0,4.4,sheppre01
415,Oso Ighodaro,22,PHO,PF,61,6,17.1,1.9,3.1,0.604,0.0,0.0,0.0,1.9,3.0,0.611,0.604,0.5,0.8,0.58,1.1,2.6,3.6,1.2,0.5,0.5,0.6,1.7,4.2,ighodos01
416,Kris Murray,24,POR,SF,69,6,15.1,1.7,4.0,0.419,0.4,1.7,0.225,1.3,2.3,0.566,0.468,0.4,0.8,0.456,1.1,1.5,2.6,1.0,0.5,0.2,0.6,1.0,4.2,murrakr01
417,Duop Reath,28,POR,C,46,0,10.2,1.5,3.6,0.422,0.7,2.3,0.321,0.8,1.3,0.6,0.524,0.4,0.5,0.909,1.0,1.0,2.0,0.6,0.3,0.3,0.3,0.9,4.2,reathdu01
421,Caleb Houstan,22,ORL,SF,58,6,13.6,1.4,3.3,0.421,1.1,2.8,0.4,0.3,0.5,0.533,0.589,0.3,0.3,0.882,0.3,1.0,1.3,0.6,0.4,0.1,0.2,1.1,4.1,houstca01
423,Jalen Pickett,25,DEN,SG,49,4,13.6,1.6,3.7,0.428,0.8,2.1,0.396,0.8,1.6,0.468,0.539,0.1,0.2,0.75,0.3,1.1,1.4,2.2,0.4,0.1,0.5,0.8,4.1,pickeja02
425,Gui Santos,22,GSW,PF,56,2,13.6,1.5,3.2,0.458,0.6,1.8,0.33,0.9,1.4,0.632,0.553,0.5,0.8,0.69,1.3,1.8,3.1,1.4,0.4,0.2,0.8,1.6,4.1,santogu01
428,Nicolas Batum,36,LAC,PF,78,8,17.5,1.3,3.1,0.437,1.1,2.6,0.433,0.2,0.4,0.457,0.622,0.2,0.3,0.81,0.6,2.2,2.8,1.1,0.7,0.5,0.4,1.4,4.0,batumni01
432,Steven Adams,31,HOU,C,58,3,13.7,1.6,2.9,0.545,0.0,0.0,0.0,1.6,2.8,0.552,0.545,0.7,1.6,0.462,2.9,2.8,5.6,1.1,0.4,0.5,0.9,1.0,3.9,adamsst01
434,Olivier-Maxence Prosper,22,DAL,PF,52,4,11.2,1.3,3.3,0.402,0.2,1.0,0.235,1.1,2.4,0.472,0.437,0.9,1.5,0.645,0.8,1.6,2.4,0.8,0.5,0.1,0.3,0.5,3.9,prospol01
441,DeAndre Jordan,36,DEN,C,56,5,12.3,1.6,2.5,0.65,0.0,0.0,,1.6,2.5,0.65,0.65,0.5,1.1,0.422,1.5,3.6,5.1,0.9,0.3,0.5,0.7,1.3,3.7,jordade01
442,Craig Porter Jr.,24,CLE,PG,51,1,10.1,1.4,2.7,0.514,0.4,0.9,0.438,1.0,1.8,0.554,0.589,0.5,0.6,0.719,0.4,0.9,1.3,1.4,0.3,0.3,0.7,0.5,3.7,portecr01
444,Blake Wesley,21,SAS,SG,58,0,11.8,1.4,3.2,0.435,0.3,1.0,0.293,1.1,2.2,0.5,0.481,0.7,1.1,0.623,0.3,0.8,1.1,2.0,0.6,0.1,0.9,0.8,3.7,weslebl01
447,Jae'Sean Tate,29,HOU,SF,52,2,11.3,1.3,2.8,0.473,0.3,0.9,0.348,1.0,2.0,0.529,0.527,0.6,0.9,0.681,1.0,1.3,2.3,0.9,0.5,0.1,0.4,1.6,3.6,tateja01
451,Cory Joseph,33,ORL,PG,50,16,12.2,1.2,3.1,0.403,0.8,2.1,0.364,0.5,0.9,0.489,0.529,0.3,0.4,0.778,0.3,1.1,1.5,1.4,0.5,0.1,0.4,1.0,3.5,josepco01
456,Andre Jackson Jr.,23,MIL,SG,67,43,14.6,1.4,2.9,0.477,0.4,1.1,0.395,1.0,1.8,0.529,0.553,0.2,0.4,0.5,1.0,1.7,2.7,1.2,0.5,0.2,0.9,1.7,3.4,jacksan01
462,Zeke Nnaji,24,DEN,PF,57,4,10.7,1.2,2.5,0.496,0.3,0.9,0.327,0.9,1.6,0.596,0.557,0.5,0.8,0.614,0.6,1.0,1.6,0.4,0.4,0.7,0.2,1.1,3.2,nnajize01
466,Gary Harris,30,ORL,SG,48,3,14.8,1.1,2.8,0.383,0.8,2.1,0.356,0.3,0.7,0.469,0.519,0.1,0.3,0.583,0.4,0.9,1.3,0.6,0.5,0.3,0.4,0.9,3.0,harriga01
485,Dillon Jones,23,OKC,SF,54,3,10.2,0.9,2.5,0.383,0.3,1.2,0.254,0.6,1.3,0.5,0.444,0.3,0.5,0.607,0.6,1.7,2.2,1.1,0.3,0.1,0.5,1.0,2.5,jonesdi01
489,John Konchar,28,MEM,SG,46,4,12.1,0.9,2.0,0.451,0.5,1.3,0.371,0.4,0.6,0.621,0.577,0.2,0.2,0.875,0.8,2.5,3.3,0.9,0.7,0.3,0.3,0.7,2.4,konchjo01
502,Dwight Powell,33,DAL,C,55,3,10.0,0.8,1.1,0.689,0.0,0.1,0.4,0.7,1.0,0.714,0.705,0.5,0.8,0.651,0.9,1.3,2.1,1.0,0.3,0.4,0.3,1.4,2.1,poweldw01
510,Jericho Sims,26,2TM,C,53,5,11.9,0.8,1.3,0.634,0.0,0.0,,0.8,1.3,0.634,0.634,0.2,0.2,0.615,1.3,2.4,3.7,0.6,0.2,0.4,0.6,1.2,1.8,simsje01
